Category	Count	Mean	Median	Min	Max
"Beauty"	5035	9721.3660377358	9528	1349	24217
"Books"	14925	9592.935678392	9446	1204	24967
"Clothing"	19989	9634.5953274301	9430	1202	26204
"Electronics"	30027	9648.2266959736	9458	1118	25406
"Food"	14822	9669.9531102415	9503	1255	24751
"Health"	10123	9610.9636471402	9411	1275	23780
"Home"	5079	9538.1732624532	9360	1228	24314
